{"cameraMode":{"drawMode":0,"name":"Shaded","section":"Shading Mode"},"sceneLighting":true,"audioPlay":false,"sceneViewState":{"m_AlwaysRefresh":false,"showFog":true,"showSkybox":true,"showFlares":true,"showImageEffects":true,"showParticleSystems":true,"showVisualEffectGraphs":true,"m_FxEnabled":true},"in2DMode":false,"pivot":{"x":122.70356750488281,"y":86.55184173583985,"z":-20.476978302001954},"rotation":{"x":0.11747808754444123,"y":0.03145341947674751,"z":-0.003720388049259782,"w":0.9925767183303833},"size":35.42100143432617,"orthographic":false}