{"cameraMode":{"drawMode":0,"name":"Shaded","section":"Shading Mode"},"sceneLighting":true,"audioPlay":false,"sceneViewState":{"m_AlwaysRefresh":false,"showFog":true,"showSkybox":true,"showFlares":true,"showImageEffects":true,"showParticleSystems":true,"showVisualEffectGraphs":true,"m_FxEnabled":true},"in2DMode":false,"pivot":{"x":10.523101806640625,"y":1.4216055870056153,"z":3.406435012817383},"rotation":{"x":0.017114650458097459,"y":-0.9403281807899475,"z":0.04781559109687805,"w":0.33649975061416628},"size":5.3886919021606449,"orthographic":false}